Intent,Precision,Recall,F1-Score,Support
brightness_down,1.0,1.0,1.0,8
brightness_up,1.0,1.0,1.0,8
close_calculator,1.0,1.0,1.0,2
create_folder,1.0,1.0,1.0,4
create_text_file,1.0,1.0,1.0,4
get_battery,1.0,1.0,1.0,2
get_brightness,1.0,1.0,1.0,4
get_cpu,1.0,1.0,1.0,2
get_date,1.0,1.0,1.0,2
get_ram,1.0,1.0,1.0,2
get_system_info,1.0,1.0,1.0,2
get_time,1.0,1.0,1.0,2
get_volume,1.0,1.0,1.0,2
lock_computer,1.0,1.0,1.0,2
next_song,1.0,1.0,1.0,2
open_calculator,1.0,1.0,1.0,4
open_command_prompt,1.0,1.0,1.0,1
open_desktop,1.0,1.0,1.0,2
open_documents,1.0,1.0,1.0,2
open_downloads,1.0,1.0,1.0,2
open_file_explorer,1.0,1.0,1.0,4
open_gmail,1.0,1.0,1.0,4
open_google,1.0,1.0,1.0,4
open_notepad,1.0,1.0,1.0,4
open_settings,1.0,1.0,1.0,2
open_task_manager,1.0,1.0,1.0,3
open_youtube,1.0,1.0,1.0,4
play_pause,1.0,1.0,1.0,2
previous_song,1.0,1.0,1.0,2
restart_computer,1.0,1.0,1.0,3
search_google,1.0,1.0,1.0,2
search_youtube,1.0,1.0,1.0,2
shutdown_computer,1.0,1.0,1.0,2
take_screenshot,1.0,1.0,1.0,2
volume_down,1.0,1.0,1.0,8
volume_mute,1.0,1.0,1.0,2
volume_up,1.0,1.0,1.0,8
